season,rank,team,power,sp_ovr,sp_off,sp_def,sp_st
2025,1,Ohio State,332.07131745137207,29.5,"{'ranking': 7, 'rating': 39.6, 'success': None, 'explosiveness': None, 'rushing': None, 'passing': None, 'standardDowns': None, 'passingDowns': None, 'runRate': None, 'pace': None}","{'ranking': 2, 'rating': 10.1, 'success': None, 'explosiveness': None, 'rushing': None, 'passing': None, 'standardDowns': None, 'passingDowns': None, 'havoc': {'total': None, 'frontSeven': None, 'db': None}}",{'rating': 0.3}
2025,2,Alabama,314.2613207350607,27.9,"{'ranking': 5, 'rating': 40.4, 'success': None, 'explosiveness': None, 'rushing': None, 'passing': None, 'standardDowns': None, 'passingDowns': None, 'runRate': None, 'pace': None}","{'ranking': 5, 'rating': 12.6, 'success': None, 'explosiveness': None, 'rushing': None, 'passing': None, 'standardDowns': None, 'passingDowns': None, 'havoc': {'total': None, 'frontSeven': None, 'db': None}}",{'rating': 0.2}
2025,3,Penn State,312.0350711455218,27.7,"{'ranking': 3, 'rating': 40.6, 'success': None, 'explosiveness': None, 'rushing': None, 'passing': None, 'standardDowns': None, 'passingDowns': None, 'runRate': None, 'pace': None}","{'ranking': 6, 'rating': 12.9, 'success': None, 'explosiveness': None, 'rushing': None, 'passing': None, 'standardDowns': None, 'passingDowns': None, 'havoc': {'total': None, 'frontSeven': None, 'db': None}}",{'rating': 0.1}
2025,4,Georgia,303.13007278736603,26.9,"{'ranking': 8, 'rating': 39, 'success': None, 'explosiveness': None, 'rushing': None, 'passing': None, 'standardDowns': None, 'passingDowns': None, 'runRate': None, 'pace': None}","{'ranking': 4, 'rating': 12.1, 'success': None, 'explosiveness': None, 'rushing': None, 'passing': None, 'standardDowns': None, 'passingDowns': None, 'havoc': {'total': None, 'frontSeven': None, 'db': None}}",{'rating': 0.6}
2025,5,Texas,297.5644488135187,26.4,"{'ranking': 16, 'rating': 35.4, 'success': None, 'explosiveness': None, 'rushing': None, 'passing': None, 'standardDowns': None, 'passingDowns': None, 'runRate': None, 'pace': None}","{'ranking': 1, 'rating': 9, 'success': None, 'explosiveness': None, 'rushing': None, 'passing': None, 'standardDowns': None, 'passingDowns': None, 'havoc': {'total': None, 'frontSeven': None, 'db': None}}",{'rating': -0.5}
2025,6,Notre Dame,280.86757689197685,24.9,"{'ranking': 9, 'rating': 38.3, 'success': None, 'explosiveness': None, 'rushing': None, 'passing': None, 'standardDowns': None, 'passingDowns': None, 'runRate': None, 'pace': None}","{'ranking': 8, 'rating': 13.4, 'success': None, 'explosiveness': None, 'rushing': None, 'passing': None, 'standardDowns': None, 'passingDowns': None, 'havoc': {'total': None, 'frontSeven': None, 'db': None}}",{'rating': -0.2}
2025,7,Oregon,278.6413273024379,24.7,"{'ranking': 4, 'rating': 40.5, 'success': None, 'explosiveness': None, 'rushing': None, 'passing': None, 'standardDowns': None, 'passingDowns': None, 'runRate': None, 'pace': None}","{'ranking': 11, 'rating': 15.8, 'success': None, 'explosiveness': None, 'rushing': None, 'passing': None, 'standardDowns': None, 'passingDowns': None, 'havoc': {'total': None, 'frontSeven': None, 'db': None}}",{'rating': 0.5}
2025,8,Clemson,263.05758017566546,23.3,"{'ranking': 6, 'rating': 39.9, 'success': None, 'explosiveness': None, 'rushing': None, 'passing': None, 'standardDowns': None, 'passingDowns': None, 'runRate': None, 'pace': None}","{'ranking': 12, 'rating': 16.7, 'success': None, 'explosiveness': None, 'rushing': None, 'passing': None, 'standardDowns': None, 'passingDowns': None, 'havoc': {'total': None, 'frontSeven': None, 'db': None}}",{'rating': -0.3}
2025,9,LSU,249.70008263843192,22.1,"{'ranking': 2, 'rating': 40.7, 'success': None, 'explosiveness': None, 'rushing': None, 'passing': None, 'standardDowns': None, 'passingDowns': None, 'runRate': None, 'pace': None}","{'ranking': 23, 'rating': 18.6, 'success': None, 'explosiveness': None, 'rushing': None, 'passing': None, 'standardDowns': None, 'passingDowns': None, 'havoc': {'total': None, 'frontSeven': None, 'db': None}}",{'rating': 0.1}
2025,10,Michigan,243.02133386981515,21.5,"{'ranking': 32, 'rating': 31.8, 'success': None, 'explosiveness': None, 'rushing': None, 'passing': None, 'standardDowns': None, 'passingDowns': None, 'runRate': None, 'pace': None}","{'ranking': 3, 'rating': 10.3, 'success': None, 'explosiveness': None, 'rushing': None, 'passing': None, 'standardDowns': None, 'passingDowns': None, 'havoc': {'total': None, 'frontSeven': None, 'db': None}}",{'rating': 0.2}
2025,11,Ole Miss,224.0982123587343,19.8,"{'ranking': 20, 'rating': 34.6, 'success': None, 'explosiveness': None, 'rushing': None, 'passing': None, 'standardDowns': None, 'passingDowns': None, 'runRate': None, 'pace': None}","{'ranking': 9, 'rating': 14.8, 'success': None, 'explosiveness': None, 'rushing': None, 'passing': None, 'standardDowns': None, 'passingDowns': None, 'havoc': {'total': None, 'frontSeven': None, 'db': None}}",{'rating': 0.3}
2025,12,Miami,212.96696441103967,18.8,"{'ranking': 1, 'rating': 43.2, 'success': None, 'explosiveness': None, 'rushing': None, 'passing': None, 'standardDowns': None, 'passingDowns': None, 'runRate': None, 'pace': None}","{'ranking': 44, 'rating': 24.4, 'success': None, 'explosiveness': None, 'rushing': None, 'passing': None, 'standardDowns': None, 'passingDowns': None, 'havoc': {'total': None, 'frontSeven': None, 'db': None}}",{'rating': 0.2}
2025,13,Tennessee,208.51446523196182,18.4,"{'ranking': 34, 'rating': 31.4, 'success': None, 'explosiveness': None, 'rushing': None, 'passing': None, 'standardDowns': None, 'passingDowns': None, 'runRate': None, 'pace': None}","{'ranking': 7, 'rating': 13, 'success': None, 'explosiveness': None, 'rushing': None, 'passing': None, 'standardDowns': None, 'passingDowns': None, 'havoc': {'total': None, 'frontSeven': None, 'db': None}}",{'rating': 0.2}
2025,14,Florida,196.27009248949776,17.3,"{'ranking': 16, 'rating': 35.4, 'success': None, 'explosiveness': None, 'rushing': None, 'passing': None, 'standardDowns': None, 'passingDowns': None, 'runRate': None, 'pace': None}","{'ranking': 21, 'rating': 18.2, 'success': None, 'explosiveness': None, 'rushing': None, 'passing': None, 'standardDowns': None, 'passingDowns': None, 'havoc': {'total': None, 'frontSeven': None, 'db': None}}",{'rating': 0.3}
2025,15,Texas A&M,195.15696769472825,17.2,"{'ranking': 18, 'rating': 34.9, 'success': None, 'explosiveness': None, 'rushing': None, 'passing': None, 'standardDowns': None, 'passingDowns': None, 'runRate': None, 'pace': None}","{'ranking': 18, 'rating': 17.7, 'success': None, 'explosiveness': None, 'rushing': None, 'passing': None, 'standardDowns': None, 'passingDowns': None, 'havoc': {'total': None, 'frontSeven': None, 'db': None}}",{'rating': 0.2}
2025,16,Oklahoma,187.36509413134203,16.5,"{'ranking': 24, 'rating': 33.3, 'success': None, 'explosiveness': None, 'rushing': None, 'passing': None, 'standardDowns': None, 'passingDowns': None, 'runRate': None, 'pace': None}","{'ranking': 12, 'rating': 16.7, 'success': None, 'explosiveness': None, 'rushing': None, 'passing': None, 'standardDowns': None, 'passingDowns': None, 'havoc': {'total': None, 'frontSeven': None, 'db': None}}",{'rating': 0.2}
2025,17,South Carolina,182.91259495226421,16.1,"{'ranking': 24, 'rating': 33.3, 'success': None, 'explosiveness': None, 'rushing': None, 'passing': None, 'standardDowns': None, 'passingDowns': None, 'runRate': None, 'pace': None}","{'ranking': 15, 'rating': 17.2, 'success': None, 'explosiveness': None, 'rushing': None, 'passing': None, 'standardDowns': None, 'passingDowns': None, 'havoc': {'total': None, 'frontSeven': None, 'db': None}}",{'rating': 0.1}
2025,18,Kansas State,177.3469709784169,15.6,"{'ranking': 14, 'rating': 35.7, 'success': None, 'explosiveness': None, 'rushing': None, 'passing': None, 'standardDowns': None, 'passingDowns': None, 'runRate': None, 'pace': None}","{'ranking': 26, 'rating': 20, 'success': None, 'explosiveness': None, 'rushing': None, 'passing': None, 'standardDowns': None, 'passingDowns': None, 'havoc': {'total': None, 'frontSeven': None, 'db': None}}",{'rating': 0.2}
2025,19,Illinois,162.8763486464139,14.3,"{'ranking': 28, 'rating': 32.3, 'success': None, 'explosiveness': None, 'rushing': None, 'passing': None, 'standardDowns': None, 'passingDowns': None, 'runRate': None, 'pace': None}","{'ranking': 20, 'rating': 18, 'success': None, 'explosiveness': None, 'rushing': None, 'passing': None, 'standardDowns': None, 'passingDowns': None, 'havoc': {'total': None, 'frontSeven': None, 'db': None}}",{'rating': 0.2}
2025,20,SMU,149.51885110918033,13.1,"{'ranking': 11, 'rating': 37.2, 'success': None, 'explosiveness': None, 'rushing': None, 'passing': None, 'standardDowns': None, 'passingDowns': None, 'runRate': None, 'pace': None}","{'ranking': 42, 'rating': 24.2, 'success': None, 'explosiveness': None, 'rushing': None, 'passing': None, 'standardDowns': None, 'passingDowns': None, 'havoc': {'total': None, 'frontSeven': None, 'db': None}}",{'rating': 0.1}
2025,21,Missouri,142.84010234056356,12.5,"{'ranking': 41, 'rating': 30.7, 'success': None, 'explosiveness': None, 'rushing': None, 'passing': None, 'standardDowns': None, 'passingDowns': None, 'runRate': None, 'pace': None}","{'ranking': 22, 'rating': 18.3, 'success': None, 'explosiveness': None, 'rushing': None, 'passing': None, 'standardDowns': None, 'passingDowns': None, 'havoc': {'total': None, 'frontSeven': None, 'db': None}}",{'rating': -0.1}
2025,22,Arizona State,139.5007279562552,12.2,"{'ranking': 26, 'rating': 32.6, 'success': None, 'explosiveness': None, 'rushing': None, 'passing': None, 'standardDowns': None, 'passingDowns': None, 'runRate': None, 'pace': None}","{'ranking': 27, 'rating': 20.4, 'success': None, 'explosiveness': None, 'rushing': None, 'passing': None, 'standardDowns': None, 'passingDowns': None, 'havoc': {'total': None, 'frontSeven': None, 'db': None}}",{'rating': -0.6}
2025,22,Indiana,139.5007279562552,12.2,"{'ranking': 30, 'rating': 32.1, 'success': None, 'explosiveness': None, 'rushing': None, 'passing': None, 'standardDowns': None, 'passingDowns': None, 'runRate': None, 'pace': None}","{'ranking': 25, 'rating': 19.9, 'success': None, 'explosiveness': None, 'rushing': None, 'passing': None, 'standardDowns': None, 'passingDowns': None, 'havoc': {'total': None, 'frontSeven': None, 'db': None}}",{'rating': 0.2}
2025,23,Louisville,138.38760316148574,12.1,"{'ranking': 12, 'rating': 36.7, 'success': None, 'explosiveness': None, 'rushing': None, 'passing': None, 'standardDowns': None, 'passingDowns': None, 'runRate': None, 'pace': None}","{'ranking': 45, 'rating': 24.5, 'success': None, 'explosiveness': None, 'rushing': None, 'passing': None, 'standardDowns': None, 'passingDowns': None, 'havoc': {'total': None, 'frontSeven': None, 'db': None}}",{'rating': -0.1}
2025,24,Auburn,135.04822877717734,11.8,"{'ranking': 48, 'rating': 29.4, 'success': None, 'explosiveness': None, 'rushing': None, 'passing': None, 'standardDowns': None, 'passingDowns': None, 'runRate': None, 'pace': None}","{'ranking': 18, 'rating': 17.7, 'success': None, 'explosiveness': None, 'rushing': None, 'passing': None, 'standardDowns': None, 'passingDowns': None, 'havoc': {'total': None, 'frontSeven': None, 'db': None}}",{'rating': -0.1}
2025,24,Texas Tech,135.04822877717734,11.8,"{'ranking': 9, 'rating': 38.3, 'success': None, 'explosiveness': None, 'rushing': None, 'passing': None, 'standardDowns': None, 'passingDowns': None, 'runRate': None, 'pace': None}","{'ranking': 55, 'rating': 26.5, 'success': None, 'explosiveness': None, 'rushing': None, 'passing': None, 'standardDowns': None, 'passingDowns': None, 'havoc': {'total': None, 'frontSeven': None, 'db': None}}",{'rating': 0.2}
2025,25,BYU,131.70885439286897,11.5,"{'ranking': 29, 'rating': 32.2, 'success': None, 'explosiveness': None, 'rushing': None, 'passing': None, 'standardDowns': None, 'passingDowns': None, 'runRate': None, 'pace': None}","{'ranking': 28, 'rating': 20.6, 'success': None, 'explosiveness': None, 'rushing': None, 'passing': None, 'standardDowns': None, 'passingDowns': None, 'havoc': {'total': None, 'frontSeven': None, 'db': None}}",{'rating': 0.3}
2025,26,Iowa,130.59572959809952,11.4,"{'ranking': 68, 'rating': 26.9, 'success': None, 'explosiveness': None, 'rushing': None, 'passing': None, 'standardDowns': None, 'passingDowns': None, 'runRate': None, 'pace': None}","{'ranking': 10, 'rating': 15.5, 'success': None, 'explosiveness': None, 'rushing': None, 'passing': None, 'standardDowns': None, 'passingDowns': None, 'havoc': {'total': None, 'frontSeven': None, 'db': None}}",{'rating': 0.3}
2025,27,TCU,127.25635521379112,11.1,"{'ranking': 19, 'rating': 34.8, 'success': None, 'explosiveness': None, 'rushing': None, 'passing': None, 'standardDowns': None, 'passingDowns': None, 'runRate': None, 'pace': None}","{'ranking': 37, 'rating': 23.7, 'success': None, 'explosiveness': None, 'rushing': None, 'passing': None, 'standardDowns': None, 'passingDowns': None, 'havoc': {'total': None, 'frontSeven': None, 'db': None}}",{'rating': -0.1}
2025,28,USC,126.14323041902165,11.0,"{'ranking': 13, 'rating': 36.2, 'success': None, 'explosiveness': None, 'rushing': None, 'passing': None, 'standardDowns': None, 'passingDowns': None, 'runRate': None, 'pace': None}","{'ranking': 47, 'rating': 25.2, 'success': None, 'explosiveness': None, 'rushing': None, 'passing': None, 'standardDowns': None, 'passingDowns': None, 'havoc': {'total': None, 'frontSeven': None, 'db': None}}",{'rating': 0.1}
2025,28,Utah,126.14323041902165,11.0,"{'ranking': 53, 'rating': 28.3, 'success': None, 'explosiveness': None, 'rushing': None, 'passing': None, 'standardDowns': None, 'passingDowns': None, 'runRate': None, 'pace': None}","{'ranking': 16, 'rating': 17.3, 'success': None, 'explosiveness': None, 'rushing': None, 'passing': None, 'standardDowns': None, 'passingDowns': None, 'havoc': {'total': None, 'frontSeven': None, 'db': None}}",{'rating': 0.2}
2025,28,Iowa State,126.14323041902165,11.0,"{'ranking': 33, 'rating': 31.5, 'success': None, 'explosiveness': None, 'rushing': None, 'passing': None, 'standardDowns': None, 'passingDowns': None, 'runRate': None, 'pace': None}","{'ranking': 28, 'rating': 20.6, 'success': None, 'explosiveness': None, 'rushing': None, 'passing': None, 'standardDowns': None, 'passingDowns': None, 'havoc': {'total': None, 'frontSeven': None, 'db': None}}",{'rating': -0.1}
2025,29,Boise State,106.10698411317134,9.2,"{'ranking': 15, 'rating': 35.5, 'success': None, 'explosiveness': None, 'rushing': None, 'passing': None, 'standardDowns': None, 'passingDowns': None, 'runRate': None, 'pace': None}","{'ranking': 53, 'rating': 26.3, 'success': None, 'explosiveness': None, 'rushing': None, 'passing': None, 'standardDowns': None, 'passingDowns': None, 'havoc': {'total': None, 'frontSeven': None, 'db': None}}",{'rating': -0.3}
2025,30,Nebraska,102.76760972886298,8.9,"{'ranking': 75, 'rating': 26.3, 'success': None, 'explosiveness': None, 'rushing': None, 'passing': None, 'standardDowns': None, 'passingDowns': None, 'runRate': None, 'pace': None}","{'ranking': 17, 'rating': 17.4, 'success': None, 'explosiveness': None, 'rushing': None, 'passing': None, 'standardDowns': None, 'passingDowns': None, 'havoc': {'total': None, 'frontSeven': None, 'db': None}}",{'rating': -0.2}
2025,31,Baylor,87.18386260209049,7.5,"{'ranking': 20, 'rating': 34.6, 'success': None, 'explosiveness': None, 'rushing': None, 'passing': None, 'standardDowns': None, 'passingDowns': None, 'runRate': None, 'pace': None}","{'ranking': 58, 'rating': 27.1, 'success': None, 'explosiveness': None, 'rushing': None, 'passing': None, 'standardDowns': None, 'passingDowns': None, 'havoc': {'total': None, 'frontSeven': None, 'db': None}}",{'rating': 0.2}
2025,32,Florida State,83.84448821778211,7.2,"{'ranking': 58, 'rating': 27.7, 'success': None, 'explosiveness': None, 'rushing': None, 'passing': None, 'standardDowns': None, 'passingDowns': None, 'runRate': None, 'pace': None}","{'ranking': 28, 'rating': 20.6, 'success': None, 'explosiveness': None, 'rushing': None, 'passing': None, 'standardDowns': None, 'passingDowns': None, 'havoc': {'total': None, 'frontSeven': None, 'db': None}}",{'rating': 0.3}
2025,32,Wisconsin,83.84448821778211,7.2,"{'ranking': 72, 'rating': 26.5, 'success': None, 'explosiveness': None, 'rushing': None, 'passing': None, 'standardDowns': None, 'passingDowns': None, 'runRate': None, 'pace': None}","{'ranking': 24, 'rating': 19.3, 'success': None, 'explosiveness': None, 'rushing': None, 'passing': None, 'standardDowns': None, 'passingDowns': None, 'havoc': {'total': None, 'frontSeven': None, 'db': None}}",{'rating': 0}
2025,33,Arkansas,81.61823862824319,7.0,"{'ranking': 37, 'rating': 31, 'success': None, 'explosiveness': None, 'rushing': None, 'passing': None, 'standardDowns': None, 'passingDowns': None, 'runRate': None, 'pace': None}","{'ranking': 40, 'rating': 24, 'success': None, 'explosiveness': None, 'rushing': None, 'passing': None, 'standardDowns': None, 'passingDowns': None, 'havoc': {'total': None, 'frontSeven': None, 'db': None}}",{'rating': 0.2}
2025,34,Washington,74.93948985962642,6.4,"{'ranking': 51, 'rating': 28.8, 'success': None, 'explosiveness': None, 'rushing': None, 'passing': None, 'standardDowns': None, 'passingDowns': None, 'runRate': None, 'pace': None}","{'ranking': 34, 'rating': 22.4, 'success': None, 'explosiveness': None, 'rushing': None, 'passing': None, 'standardDowns': None, 'passingDowns': None, 'havoc': {'total': None, 'frontSeven': None, 'db': None}}",{'rating': -0.2}
2025,35,Minnesota,70.48699068054857,6.0,"{'ranking': 100, 'rating': 22.8, 'success': None, 'explosiveness': None, 'rushing': None, 'passing': None, 'standardDowns': None, 'passingDowns': None, 'runRate': None, 'pace': None}","{'ranking': 14, 'rating': 16.8, 'success': None, 'explosiveness': None, 'rushing': None, 'passing': None, 'standardDowns': None, 'passingDowns': None, 'havoc': {'total': None, 'frontSeven': None, 'db': None}}",{'rating': 0}
2025,36,Duke,58.24261793808449,4.9,"{'ranking': 65, 'rating': 27, 'success': None, 'explosiveness': None, 'rushing': None, 'passing': None, 'standardDowns': None, 'passingDowns': None, 'runRate': None, 'pace': None}","{'ranking': 33, 'rating': 22, 'success': None, 'explosiveness': None, 'rushing': None, 'passing': None, 'standardDowns': None, 'passingDowns': None, 'havoc': {'total': None, 'frontSeven': None, 'db': None}}",{'rating': 0}
2025,37,NC State,57.12949314331503,4.8,"{'ranking': 36, 'rating': 31.2, 'success': None, 'explosiveness': None, 'rushing': None, 'passing': None, 'standardDowns': None, 'passingDowns': None, 'runRate': None, 'pace': None}","{'ranking': 54, 'rating': 26.4, 'success': None, 'explosiveness': None, 'rushing': None, 'passing': None, 'standardDowns': None, 'passingDowns': None, 'havoc': {'total': None, 'frontSeven': None, 'db': None}}",{'rating': 0.1}
2025,38,Kentucky,56.01636834854557,4.7,"{'ranking': 79, 'rating': 25.8, 'success': None, 'explosiveness': None, 'rushing': None, 'passing': None, 'standardDowns': None, 'passingDowns': None, 'runRate': None, 'pace': None}","{'ranking': 31, 'rating': 21, 'success': None, 'explosiveness': None, 'rushing': None, 'passing': None, 'standardDowns': None, 'passingDowns': None, 'havoc': {'total': None, 'frontSeven': None, 'db': None}}",{'rating': 0.3}
2025,38,Georgia Tech,56.01636834854557,4.7,"{'ranking': 27, 'rating': 32.4, 'success': None, 'explosiveness': None, 'rushing': None, 'passing': None, 'standardDowns': None, 'passingDowns': None, 'runRate': None, 'pace': None}","{'ranking': 64, 'rating': 27.7, 'success': None, 'explosiveness': None, 'rushing': None, 'passing': None, 'standardDowns': None, 'passingDowns': None, 'havoc': {'total': None, 'frontSeven': None, 'db': None}}",{'rating': -0.1}
2025,38,Rutgers,56.01636834854557,4.7,"{'ranking': 50, 'rating': 28.9, 'success': None, 'explosiveness': None, 'rushing': None, 'passing': None, 'standardDowns': None, 'passingDowns': None, 'runRate': None, 'pace': None}","{'ranking': 42, 'rating': 24.2, 'success': None, 'explosiveness': None, 'rushing': None, 'passing': None, 'standardDowns': None, 'passingDowns': None, 'havoc': {'total': None, 'frontSeven': None, 'db': None}}",{'rating': 0.1}
2025,39,Virginia Tech,51.563869169467715,4.3,"{'ranking': 53, 'rating': 28.3, 'success': None, 'explosiveness': None, 'rushing': None, 'passing': None, 'standardDowns': None, 'passingDowns': None, 'runRate': None, 'pace': None}","{'ranking': 40, 'rating': 24, 'success': None, 'explosiveness': None, 'rushing': None, 'passing': None, 'standardDowns': None, 'passingDowns': None, 'havoc': {'total': None, 'frontSeven': None, 'db': None}}",{'rating': 0.2}
2025,40,Pittsburgh,41.545746016542566,3.4,"{'ranking': 45, 'rating': 29.9, 'success': None, 'explosiveness': None, 'rushing': None, 'passing': None, 'standardDowns': None, 'passingDowns': None, 'runRate': None, 'pace': None}","{'ranking': 55, 'rating': 26.5, 'success': None, 'explosiveness': None, 'rushing': None, 'passing': None, 'standardDowns': None, 'passingDowns': None, 'havoc': {'total': None, 'frontSeven': None, 'db': None}}",{'rating': 0.2}
2025,41,Tulane,40.432621221773104,3.3,"{'ranking': 34, 'rating': 31.4, 'success': None, 'explosiveness': None, 'rushing': None, 'passing': None, 'standardDowns': None, 'passingDowns': None, 'runRate': None, 'pace': None}","{'ranking': 66, 'rating': 28.1, 'success': None, 'explosiveness': None, 'rushing': None, 'passing': None, 'standardDowns': None, 'passingDowns': None, 'havoc': {'total': None, 'frontSeven': None, 'db': None}}",{'rating': 0}
2025,42,James Madison,37.09324683746472,3.0,"{'ranking': 49, 'rating': 29.2, 'success': None, 'explosiveness': None, 'rushing': None, 'passing': None, 'standardDowns': None, 'passingDowns': None, 'runRate': None, 'pace': None}","{'ranking': 52, 'rating': 26.2, 'success': None, 'explosiveness': None, 'rushing': None, 'passing': None, 'standardDowns': None, 'passingDowns': None, 'havoc': {'total': None, 'frontSeven': None, 'db': None}}",{'rating': 0.1}
2025,42,Kansas,37.09324683746472,3.0,"{'ranking': 31, 'rating': 32, 'success': None, 'explosiveness': None, 'rushing': None, 'passing': None, 'standardDowns': None, 'passingDowns': None, 'runRate': None, 'pace': None}","{'ranking': 74, 'rating': 29, 'success': None, 'explosiveness': None, 'rushing': None, 'passing': None, 'standardDowns': None, 'passingDowns': None, 'havoc': {'total': None, 'frontSeven': None, 'db': None}}",{'rating': -0.1}
2025,43,UCLA,35.98012204269526,2.9,"{'ranking': 72, 'rating': 26.5, 'success': None, 'explosiveness': None, 'rushing': None, 'passing': None, 'standardDowns': None, 'passingDowns': None, 'runRate': None, 'pace': None}","{'ranking': 37, 'rating': 23.7, 'success': None, 'explosiveness': None, 'rushing': None, 'passing': None, 'standardDowns': None, 'passingDowns': None, 'havoc': {'total': None, 'frontSeven': None, 'db': None}}",{'rating': 0.1}
2025,44,Colorado,32.64074765838687,2.6,"{'ranking': 45, 'rating': 29.9, 'success': None, 'explosiveness': None, 'rushing': None, 'passing': None, 'standardDowns': None, 'passingDowns': None, 'runRate': None, 'pace': None}","{'ranking': 59, 'rating': 27.2, 'success': None, 'explosiveness': None, 'rushing': None, 'passing': None, 'standardDowns': None, 'passingDowns': None, 'havoc': {'total': None, 'frontSeven': None, 'db': None}}",{'rating': -0.2}
2025,45,Memphis,27.075123684539566,2.1,"{'ranking': 23, 'rating': 33.4, 'success': None, 'explosiveness': None, 'rushing': None, 'passing': None, 'standardDowns': None, 'passingDowns': None, 'runRate': None, 'pace': None}","{'ranking': 94, 'rating': 31.2, 'success': None, 'explosiveness': None, 'rushing': None, 'passing': None, 'standardDowns': None, 'passingDowns': None, 'havoc': {'total': None, 'frontSeven': None, 'db': None}}",{'rating': 0.1}
2025,46,North Carolina,25.961998889770097,2.0,"{'ranking': 39, 'rating': 30.9, 'success': None, 'explosiveness': None, 'rushing': None, 'passing': None, 'standardDowns': None, 'passingDowns': None, 'runRate': None, 'pace': None}","{'ranking': 74, 'rating': 29, 'success': None, 'explosiveness': None, 'rushing': None, 'passing': None, 'standardDowns': None, 'passingDowns': None, 'havoc': {'total': None, 'frontSeven': None, 'db': None}}",{'rating': 0}
2025,47,Vanderbilt,22.62262450546172,1.7,"{'ranking': 63, 'rating': 27.3, 'success': None, 'explosiveness': None, 'rushing': None, 'passing': None, 'standardDowns': None, 'passingDowns': None, 'runRate': None, 'pace': None}","{'ranking': 50, 'rating': 25.7, 'success': None, 'explosiveness': None, 'rushing': None, 'passing': None, 'standardDowns': None, 'passingDowns': None, 'havoc': {'total': None, 'frontSeven': None, 'db': None}}",{'rating': 0.3}
2025,48,Syracuse,21.509499710692257,1.6,"{'ranking': 41, 'rating': 30.7, 'success': None, 'explosiveness': None, 'rushing': None, 'passing': None, 'standardDowns': None, 'passingDowns': None, 'runRate': None, 'pace': None}","{'ranking': 76, 'rating': 29.1, 'success': None, 'explosiveness': None, 'rushing': None, 'passing': None, 'standardDowns': None, 'passingDowns': None, 'havoc': {'total': None, 'frontSeven': None, 'db': None}}",{'rating': -0.2}
2025,49,West Virginia,14.830750942075483,1.0,"{'ranking': 45, 'rating': 29.9, 'success': None, 'explosiveness': None, 'rushing': None, 'passing': None, 'standardDowns': None, 'passingDowns': None, 'runRate': None, 'pace': None}","{'ranking': 72, 'rating': 28.9, 'success': None, 'explosiveness': None, 'rushing': None, 'passing': None, 'standardDowns': None, 'passingDowns': None, 'havoc': {'total': None, 'frontSeven': None, 'db': None}}",{'rating': 0.2}
2025,50,Houston,13.71762614730602,0.9,"{'ranking': 91, 'rating': 24.3, 'success': None, 'explosiveness': None, 'rushing': None, 'passing': None, 'standardDowns': None, 'passingDowns': None, 'runRate': None, 'pace': None}","{'ranking': 36, 'rating': 23.4, 'success': None, 'explosiveness': None, 'rushing': None, 'passing': None, 'standardDowns': None, 'passingDowns': None, 'havoc': {'total': None, 'frontSeven': None, 'db': None}}",{'rating': -0.2}
2025,50,Oklahoma State,13.71762614730602,0.9,"{'ranking': 39, 'rating': 30.9, 'success': None, 'explosiveness': None, 'rushing': None, 'passing': None, 'standardDowns': None, 'passingDowns': None, 'runRate': None, 'pace': None}","{'ranking': 84, 'rating': 30, 'success': None, 'explosiveness': None, 'rushing': None, 'passing': None, 'standardDowns': None, 'passingDowns': None, 'havoc': {'total': None, 'frontSeven': None, 'db': None}}",{'rating': 0}
2025,51,Arizona,11.491376557767097,0.7,"{'ranking': 51, 'rating': 28.8, 'success': None, 'explosiveness': None, 'rushing': None, 'passing': None, 'standardDowns': None, 'passingDowns': None, 'runRate': None, 'pace': None}","{'ranking': 66, 'rating': 28.1, 'success': None, 'explosiveness': None, 'rushing': None, 'passing': None, 'standardDowns': None, 'passingDowns': None, 'havoc': {'total': None, 'frontSeven': None, 'db': None}}",{'rating': 0.2}
2025,52,UCF,8.152002173458712,0.4,"{'ranking': 57, 'rating': 27.8, 'success': None, 'explosiveness': None, 'rushing': None, 'passing': None, 'standardDowns': None, 'passingDowns': None, 'runRate': None, 'pace': None}","{'ranking': 61, 'rating': 27.3, 'success': None, 'explosiveness': None, 'rushing': None, 'passing': None, 'standardDowns': None, 'passingDowns': None, 'havoc': {'total': None, 'frontSeven': None, 'db': None}}",{'rating': 0}
2025,53,Boston College,7.038877378689251,0.3,"{'ranking': 68, 'rating': 26.9, 'success': None, 'explosiveness': None, 'rushing': None, 'passing': None, 'standardDowns': None, 'passingDowns': None, 'runRate': None, 'pace': None}","{'ranking': 55, 'rating': 26.5, 'success': None, 'explosiveness': None, 'rushing': None, 'passing': None, 'standardDowns': None, 'passingDowns': None, 'havoc': {'total': None, 'frontSeven': None, 'db': None}}",{'rating': -0.2}
2025,54,UTSA,3.699502994380865,0.0,"{'ranking': 22, 'rating': 33.9, 'success': None, 'explosiveness': None, 'rushing': None, 'passing': None, 'standardDowns': None, 'passingDowns': None, 'runRate': None, 'pace': None}","{'ranking': 107, 'rating': 33.9, 'success': None, 'explosiveness': None, 'rushing': None, 'passing': None, 'standardDowns': None, 'passingDowns': None, 'havoc': {'total': None, 'frontSeven': None, 'db': None}}",{'rating': 0.2}
2025,55,Michigan State,1.473253404841941,-0.2,"{'ranking': 107, 'rating': 21.6, 'success': None, 'explosiveness': None, 'rushing': None, 'passing': None, 'standardDowns': None, 'passingDowns': None, 'runRate': None, 'pace': None}","{'ranking': 32, 'rating': 21.9, 'success': None, 'explosiveness': None, 'rushing': None, 'passing': None, 'standardDowns': None, 'passingDowns': None, 'havoc': {'total': None, 'frontSeven': None, 'db': None}}",{'rating': 0.2}
2025,56,California,0.3601286100724797,-0.3,"{'ranking': 79, 'rating': 25.8, 'success': None, 'explosiveness': None, 'rushing': None, 'passing': None, 'standardDowns': None, 'passingDowns': None, 'runRate': None, 'pace': None}","{'ranking': 51, 'rating': 26, 'success': None, 'explosiveness': None, 'rushing': None, 'passing': None, 'standardDowns': None, 'passingDowns': None, 'havoc': {'total': None, 'frontSeven': None, 'db': None}}",{'rating': 0}
2025,56,Cincinnati,0.3601286100724797,-0.3,"{'ranking': 84, 'rating': 25.1, 'success': None, 'explosiveness': None, 'rushing': None, 'passing': None, 'standardDowns': None, 'passingDowns': None, 'runRate': None, 'pace': None}","{'ranking': 49, 'rating': 25.4, 'success': None, 'explosiveness': None, 'rushing': None, 'passing': None, 'standardDowns': None, 'passingDowns': None, 'havoc': {'total': None, 'frontSeven': None, 'db': None}}",{'rating': -0.1}
2025,57,nationalAverages,6.796992270388147e-15,-0.3323529411764706,"{'ranking': None, 'rating': 27.159558823529412, 'success': None, 'explosiveness': None, 'rushing': None, 'passing': None, 'standardDowns': None, 'passingDowns': None, 'runRate': None, 'pace': None}","{'ranking': None, 'rating': 27.49264705882353, 'success': None, 'explosiveness': None, 'rushing': None, 'passing': None, 'standardDowns': None, 'passingDowns': None, 'havoc': {'total': None, 'frontSeven': None, 'db': None}}",{'rating': 0.01764705882352941}
2025,58,Army,-2.9792457742359058,-0.6,"{'ranking': 88, 'rating': 24.5, 'success': None, 'explosiveness': None, 'rushing': None, 'passing': None, 'standardDowns': None, 'passingDowns': None, 'runRate': None, 'pace': None}","{'ranking': 46, 'rating': 25.1, 'success': None, 'explosiveness': None, 'rushing': None, 'passing': None, 'standardDowns': None, 'passingDowns': None, 'havoc': {'total': None, 'frontSeven': None, 'db': None}}",{'rating': 0}
2025,59,Navy,-7.4317449533137525,-1.0,"{'ranking': 58, 'rating': 27.7, 'success': None, 'explosiveness': None, 'rushing': None, 'passing': None, 'standardDowns': None, 'passingDowns': None, 'runRate': None, 'pace': None}","{'ranking': 71, 'rating': 28.7, 'success': None, 'explosiveness': None, 'rushing': None, 'passing': None, 'standardDowns': None, 'passingDowns': None, 'havoc': {'total': None, 'frontSeven': None, 'db': None}}",{'rating': -0.2}
2025,60,Liberty,-8.544869748083215,-1.1,"{'ranking': 61, 'rating': 27.4, 'success': None, 'explosiveness': None, 'rushing': None, 'passing': None, 'standardDowns': None, 'passingDowns': None, 'runRate': None, 'pace': None}","{'ranking': 69, 'rating': 28.5, 'success': None, 'explosiveness': None, 'rushing': None, 'passing': None, 'standardDowns': None, 'passingDowns': None, 'havoc': {'total': None, 'frontSeven': None, 'db': None}}",{'rating': -0.2}
2025,60,Maryland,-8.544869748083215,-1.1,"{'ranking': 93, 'rating': 24.2, 'success': None, 'explosiveness': None, 'rushing': None, 'passing': None, 'standardDowns': None, 'passingDowns': None, 'runRate': None, 'pace': None}","{'ranking': 48, 'rating': 25.3, 'success': None, 'explosiveness': None, 'rushing': None, 'passing': None, 'standardDowns': None, 'passingDowns': None, 'havoc': {'total': None, 'frontSeven': None, 'db': None}}",{'rating': 0}
2025,61,Toledo,-11.884244132391599,-1.4,"{'ranking': 77, 'rating': 26.2, 'success': None, 'explosiveness': None, 'rushing': None, 'passing': None, 'standardDowns': None, 'passingDowns': None, 'runRate': None, 'pace': None}","{'ranking': 63, 'rating': 27.6, 'success': None, 'explosiveness': None, 'rushing': None, 'passing': None, 'standardDowns': None, 'passingDowns': None, 'havoc': {'total': None, 'frontSeven': None, 'db': None}}",{'rating': -0.1}
2025,61,Mississippi State,-11.884244132391599,-1.4,"{'ranking': 60, 'rating': 27.5, 'success': None, 'explosiveness': None, 'rushing': None, 'passing': None, 'standardDowns': None, 'passingDowns': None, 'runRate': None, 'pace': None}","{'ranking': 72, 'rating': 28.9, 'success': None, 'explosiveness': None, 'rushing': None, 'passing': None, 'standardDowns': None, 'passingDowns': None, 'havoc': {'total': None, 'frontSeven': None, 'db': None}}",{'rating': 0.2}
2025,62,Oregon State,-23.015492080086215,-2.4,"{'ranking': 56, 'rating': 27.9, 'success': None, 'explosiveness': None, 'rushing': None, 'passing': None, 'standardDowns': None, 'passingDowns': None, 'runRate': None, 'pace': None}","{'ranking': 85, 'rating': 30.3, 'success': None, 'explosiveness': None, 'rushing': None, 'passing': None, 'standardDowns': None, 'passingDowns': None, 'havoc': {'total': None, 'frontSeven': None, 'db': None}}",{'rating': 0}
2025,63,Louisiana,-30.80736564347245,-3.1,"{'ranking': 71, 'rating': 26.8, 'success': None, 'explosiveness': None, 'rushing': None, 'passing': None, 'standardDowns': None, 'passingDowns': None, 'runRate': None, 'pace': None}","{'ranking': 83, 'rating': 29.9, 'success': None, 'explosiveness': None, 'rushing': None, 'passing': None, 'standardDowns': None, 'passingDowns': None, 'havoc': {'total': None, 'frontSeven': None, 'db': None}}",{'rating': 0.4}
2025,64,UNLV,-33.03361523301137,-3.3,"{'ranking': 61, 'rating': 27.4, 'success': None, 'explosiveness': None, 'rushing': None, 'passing': None, 'standardDowns': None, 'passingDowns': None, 'runRate': None, 'pace': None}","{'ranking': 89, 'rating': 30.7, 'success': None, 'explosiveness': None, 'rushing': None, 'passing': None, 'standardDowns': None, 'passingDowns': None, 'havoc': {'total': None, 'frontSeven': None, 'db': None}}",{'rating': 0.4}
2025,65,South Alabama,-34.14674002778083,-3.4,"{'ranking': 74, 'rating': 26.4, 'success': None, 'explosiveness': None, 'rushing': None, 'passing': None, 'standardDowns': None, 'passingDowns': None, 'runRate': None, 'pace': None}","{'ranking': 81, 'rating': 29.8, 'success': None, 'explosiveness': None, 'rushing': None, 'passing': None, 'standardDowns': None, 'passingDowns': None, 'havoc': {'total': None, 'frontSeven': None, 'db': None}}",{'rating': 0}
2025,66,South Florida,-35.25986482255029,-3.5,"{'ranking': 44, 'rating': 30.4, 'success': None, 'explosiveness': None, 'rushing': None, 'passing': None, 'standardDowns': None, 'passingDowns': None, 'runRate': None, 'pace': None}","{'ranking': 107, 'rating': 33.9, 'success': None, 'explosiveness': None, 'rushing': None, 'passing': None, 'standardDowns': None, 'passingDowns': None, 'havoc': {'total': None, 'frontSeven': None, 'db': None}}",{'rating': 0.2}
2025,67,Georgia Southern,-40.82548879639761,-4.0,"{'ranking': 63, 'rating': 27.3, 'success': None, 'explosiveness': None, 'rushing': None, 'passing': None, 'standardDowns': None, 'passingDowns': None, 'runRate': None, 'pace': None}","{'ranking': 95, 'rating': 31.3, 'success': None, 'explosiveness': None, 'rushing': None, 'passing': None, 'standardDowns': None, 'passingDowns': None, 'havoc': {'total': None, 'frontSeven': None, 'db': None}}",{'rating': 0.2}
2025,68,Virginia,-44.164863180705986,-4.3,"{'ranking': 90, 'rating': 24.4, 'success': None, 'explosiveness': None, 'rushing': None, 'passing': None, 'standardDowns': None, 'passingDowns': None, 'runRate': None, 'pace': None}","{'ranking': 70, 'rating': 28.6, 'success': None, 'explosiveness': None, 'rushing': None, 'passing': None, 'standardDowns': None, 'passingDowns': None, 'havoc': {'total': None, 'frontSeven': None, 'db': None}}",{'rating': 0.1}
2025,69,Ohio,-45.277987975475455,-4.4,"{'ranking': 83, 'rating': 25.2, 'success': None, 'explosiveness': None, 'rushing': None, 'passing': None, 'standardDowns': None, 'passingDowns': None, 'runRate': None, 'pace': None}","{'ranking': 79, 'rating': 29.6, 'success': None, 'explosiveness': None, 'rushing': None, 'passing': None, 'standardDowns': None, 'passingDowns': None, 'havoc': {'total': None, 'frontSeven': None, 'db': None}}",{'rating': -0.3}
2025,70,Wake Forest,-47.50423756501437,-4.6,"{'ranking': 78, 'rating': 26, 'success': None, 'explosiveness': None, 'rushing': None, 'passing': None, 'standardDowns': None, 'passingDowns': None, 'runRate': None, 'pace': None}","{'ranking': 87, 'rating': 30.6, 'success': None, 'explosiveness': None, 'rushing': None, 'passing': None, 'standardDowns': None, 'passingDowns': None, 'havoc': {'total': None, 'frontSeven': None, 'db': None}}",{'rating': 0.1}
2025,71,Washington State,-49.7304871545533,-4.8,"{'ranking': 43, 'rating': 30.6, 'success': None, 'explosiveness': None, 'rushing': None, 'passing': None, 'standardDowns': None, 'passingDowns': None, 'runRate': None, 'pace': None}","{'ranking': 116, 'rating': 35.5, 'success': None, 'explosiveness': None, 'rushing': None, 'passing': None, 'standardDowns': None, 'passingDowns': None, 'havoc': {'total': None, 'frontSeven': None, 'db': None}}",{'rating': -0.2}
2025,72,San Jos√© State,-54.18298633363115,-5.2,"{'ranking': 81, 'rating': 25.7, 'success': None, 'explosiveness': None, 'rushing': None, 'passing': None, 'standardDowns': None, 'passingDowns': None, 'runRate': None, 'pace': None}","{'ranking': 92, 'rating': 30.9, 'success': None, 'explosiveness': None, 'rushing': None, 'passing': None, 'standardDowns': None, 'passingDowns': None, 'havoc': {'total': None, 'frontSeven': None, 'db': None}}",{'rating': -0.2}
2025,73,UConn,-56.40923592317008,-5.4,"{'ranking': 84, 'rating': 25.1, 'success': None, 'explosiveness': None, 'rushing': None, 'passing': None, 'standardDowns': None, 'passingDowns': None, 'runRate': None, 'pace': None}","{'ranking': 86, 'rating': 30.5, 'success': None, 'explosiveness': None, 'rushing': None, 'passing': None, 'standardDowns': None, 'passingDowns': None, 'havoc': {'total': None, 'frontSeven': None, 'db': None}}",{'rating': 0.1}
2025,74,Western Kentucky,-60.86173510224792,-5.8,"{'ranking': 102, 'rating': 22.4, 'success': None, 'explosiveness': None, 'rushing': None, 'passing': None, 'standardDowns': None, 'passingDowns': None, 'runRate': None, 'pace': None}","{'ranking': 68, 'rating': 28.2, 'success': None, 'explosiveness': None, 'rushing': None, 'passing': None, 'standardDowns': None, 'passingDowns': None, 'havoc': {'total': None, 'frontSeven': None, 'db': None}}",{'rating': 0.6}
2025,75,Troy,-63.08798469178684,-6.0,"{'ranking': 96, 'rating': 23.8, 'success': None, 'explosiveness': None, 'rushing': None, 'passing': None, 'standardDowns': None, 'passingDowns': None, 'runRate': None, 'pace': None}","{'ranking': 81, 'rating': 29.8, 'success': None, 'explosiveness': None, 'rushing': None, 'passing': None, 'standardDowns': None, 'passingDowns': None, 'havoc': {'total': None, 'frontSeven': None, 'db': None}}",{'rating': -0.1}
2025,76,Northwestern,-64.2011094865563,-6.1,"{'ranking': 129, 'rating': 17.7, 'success': None, 'explosiveness': None, 'rushing': None, 'passing': None, 'standardDowns': None, 'passingDowns': None, 'runRate': None, 'pace': None}","{'ranking': 39, 'rating': 23.8, 'success': None, 'explosiveness': None, 'rushing': None, 'passing': None, 'standardDowns': None, 'passingDowns': None, 'havoc': {'total': None, 'frontSeven': None, 'db': None}}",{'rating': -0.2}
2025,77,Stanford,-65.31423428132577,-6.2,"{'ranking': 82, 'rating': 25.5, 'success': None, 'explosiveness': None, 'rushing': None, 'passing': None, 'standardDowns': None, 'passingDowns': None, 'runRate': None, 'pace': None}","{'ranking': 96, 'rating': 31.7, 'success': None, 'explosiveness': None, 'rushing': None, 'passing': None, 'standardDowns': None, 'passingDowns': None, 'havoc': {'total': None, 'frontSeven': None, 'db': None}}",{'rating': 0.2}
2025,77,Fresno State,-65.31423428132577,-6.2,"{'ranking': 98, 'rating': 23, 'success': None, 'explosiveness': None, 'rushing': None, 'passing': None, 'standardDowns': None, 'passingDowns': None, 'runRate': None, 'pace': None}","{'ranking': 77, 'rating': 29.2, 'success': None, 'explosiveness': None, 'rushing': None, 'passing': None, 'standardDowns': None, 'passingDowns': None, 'havoc': {'total': None, 'frontSeven': None, 'db': None}}",{'rating': -0.2}
2025,78,East Carolina,-69.76673346040361,-6.6,"{'ranking': 65, 'rating': 27, 'success': None, 'explosiveness': None, 'rushing': None, 'passing': None, 'standardDowns': None, 'passingDowns': None, 'runRate': None, 'pace': None}","{'ranking': 106, 'rating': 33.6, 'success': None, 'explosiveness': None, 'rushing': None, 'passing': None, 'standardDowns': None, 'passingDowns': None, 'havoc': {'total': None, 'frontSeven': None, 'db': None}}",{'rating': 0}
2025,79,Buffalo,-75.33235743425092,-7.1,"{'ranking': 104, 'rating': 22.2, 'success': None, 'explosiveness': None, 'rushing': None, 'passing': None, 'standardDowns': None, 'passingDowns': None, 'runRate': None, 'pace': None}","{'ranking': 78, 'rating': 29.3, 'success': None, 'explosiveness': None, 'rushing': None, 'passing': None, 'standardDowns': None, 'passingDowns': None, 'havoc': {'total': None, 'frontSeven': None, 'db': None}}",{'rating': 0.1}
2025,80,North Texas,-76.44548222902039,-7.2,"{'ranking': 37, 'rating': 31, 'success': None, 'explosiveness': None, 'rushing': None, 'passing': None, 'standardDowns': None, 'passingDowns': None, 'runRate': None, 'pace': None}","{'ranking': 127, 'rating': 38.2, 'success': None, 'explosiveness': None, 'rushing': None, 'passing': None, 'standardDowns': None, 'passingDowns': None, 'havoc': {'total': None, 'frontSeven': None, 'db': None}}",{'rating': -0.1}
2025,80,Texas State,-76.44548222902039,-7.2,"{'ranking': 65, 'rating': 27, 'success': None, 'explosiveness': None, 'rushing': None, 'passing': None, 'standardDowns': None, 'passingDowns': None, 'runRate': None, 'pace': None}","{'ranking': 111, 'rating': 34.2, 'success': None, 'explosiveness': None, 'rushing': None, 'passing': None, 'standardDowns': None, 'passingDowns': None, 'havoc': {'total': None, 'frontSeven': None, 'db': None}}",{'rating': 0}
2025,81,Air Force,-77.55860702378983,-7.3,"{'ranking': 116, 'rating': 20, 'success': None, 'explosiveness': None, 'rushing': None, 'passing': None, 'standardDowns': None, 'passingDowns': None, 'runRate': None, 'pace': None}","{'ranking': 59, 'rating': 27.2, 'success': None, 'explosiveness': None, 'rushing': None, 'passing': None, 'standardDowns': None, 'passingDowns': None, 'havoc': {'total': None, 'frontSeven': None, 'db': None}}",{'rating': -0.2}
2025,81,Coastal Carolina,-77.55860702378983,-7.3,"{'ranking': 55, 'rating': 28, 'success': None, 'explosiveness': None, 'rushing': None, 'passing': None, 'standardDowns': None, 'passingDowns': None, 'runRate': None, 'pace': None}","{'ranking': 114, 'rating': 35.4, 'success': None, 'explosiveness': None, 'rushing': None, 'passing': None, 'standardDowns': None, 'passingDowns': None, 'havoc': {'total': None, 'frontSeven': None, 'db': None}}",{'rating': 0.1}
2025,82,Miami (OH),-80.89798140809823,-7.6,"{'ranking': 135, 'rating': 14.9, 'success': None, 'explosiveness': None, 'rushing': None, 'passing': None, 'standardDowns': None, 'passingDowns': None, 'runRate': None, 'pace': None}","{'ranking': 35, 'rating': 22.5, 'success': None, 'explosiveness': None, 'rushing': None, 'passing': None, 'standardDowns': None, 'passingDowns': None, 'havoc': {'total': None, 'frontSeven': None, 'db': None}}",{'rating': 0.4}
2025,83,Colorado State,-88.68985497148446,-8.3,"{'ranking': 95, 'rating': 24, 'success': None, 'explosiveness': None, 'rushing': None, 'passing': None, 'standardDowns': None, 'passingDowns': None, 'runRate': None, 'pace': None}","{'ranking': 98, 'rating': 32.3, 'success': None, 'explosiveness': None, 'rushing': None, 'passing': None, 'standardDowns': None, 'passingDowns': None, 'havoc': {'total': None, 'frontSeven': None, 'db': None}}",{'rating': -0.1}
2025,84,App State,-94.25547894533179,-8.8,"{'ranking': 94, 'rating': 24.1, 'success': None, 'explosiveness': None, 'rushing': None, 'passing': None, 'standardDowns': None, 'passingDowns': None, 'runRate': None, 'pace': None}","{'ranking': 103, 'rating': 32.9, 'success': None, 'explosiveness': None, 'rushing': None, 'passing': None, 'standardDowns': None, 'passingDowns': None, 'havoc': {'total': None, 'frontSeven': None, 'db': None}}",{'rating': -0.2}
2025,85,Marshall,-100.93422771394853,-9.4,"{'ranking': 87, 'rating': 24.6, 'success': None, 'explosiveness': None, 'rushing': None, 'passing': None, 'standardDowns': None, 'passingDowns': None, 'runRate': None, 'pace': None}","{'ranking': 110, 'rating': 34, 'success': None, 'explosiveness': None, 'rushing': None, 'passing': None, 'standardDowns': None, 'passingDowns': None, 'havoc': {'total': None, 'frontSeven': None, 'db': None}}",{'rating': 0.1}
2025,86,Arkansas State,-106.49985168779585,-9.9,"{'ranking': 68, 'rating': 26.9, 'success': None, 'explosiveness': None, 'rushing': None, 'passing': None, 'standardDowns': None, 'passingDowns': None, 'runRate': None, 'pace': None}","{'ranking': 122, 'rating': 36.8, 'success': None, 'explosiveness': None, 'rushing': None, 'passing': None, 'standardDowns': None, 'passingDowns': None, 'havoc': {'total': None, 'frontSeven': None, 'db': None}}",{'rating': 0.1}
2025,87,Purdue,-107.61297648256533,-10.0,"{'ranking': 110, 'rating': 20.8, 'success': None, 'explosiveness': None, 'rushing': None, 'passing': None, 'standardDowns': None, 'passingDowns': None, 'runRate': None, 'pace': None}","{'ranking': 90, 'rating': 30.8, 'success': None, 'explosiveness': None, 'rushing': None, 'passing': None, 'standardDowns': None, 'passingDowns': None, 'havoc': {'total': None, 'frontSeven': None, 'db': None}}",{'rating': -0.2}
2025,88,San Diego State,-108.72610127733476,-10.1,"{'ranking': 125, 'rating': 17.9, 'success': None, 'explosiveness': None, 'rushing': None, 'passing': None, 'standardDowns': None, 'passingDowns': None, 'runRate': None, 'pace': None}","{'ranking': 65, 'rating': 28, 'success': None, 'explosiveness': None, 'rushing': None, 'passing': None, 'standardDowns': None, 'passingDowns': None, 'havoc': {'total': None, 'frontSeven': None, 'db': None}}",{'rating': -0.1}
2025,89,Old Dominion,-109.83922607210424,-10.2,"{'ranking': 100, 'rating': 22.8, 'success': None, 'explosiveness': None, 'rushing': None, 'passing': None, 'standardDowns': None, 'passingDowns': None, 'runRate': None, 'pace': None}","{'ranking': 104, 'rating': 33, 'success': None, 'explosiveness': None, 'rushing': None, 'passing': None, 'standardDowns': None, 'passingDowns': None, 'havoc': {'total': None, 'frontSeven': None, 'db': None}}",{'rating': 0}
2025,90,Jacksonville State,-112.06547566164315,-10.4,"{'ranking': 105, 'rating': 22, 'success': None, 'explosiveness': None, 'rushing': None, 'passing': None, 'standardDowns': None, 'passingDowns': None, 'runRate': None, 'pace': None}","{'ranking': 99, 'rating': 32.4, 'success': None, 'explosiveness': None, 'rushing': None, 'passing': None, 'standardDowns': None, 'passingDowns': None, 'havoc': {'total': None, 'frontSeven': None, 'db': None}}",{'rating': -0.4}
2025,91,Wyoming,-116.51797484072102,-10.8,"{'ranking': 108, 'rating': 21.4, 'success': None, 'explosiveness': None, 'rushing': None, 'passing': None, 'standardDowns': None, 'passingDowns': None, 'runRate': None, 'pace': None}","{'ranking': 97, 'rating': 32.2, 'success': None, 'explosiveness': None, 'rushing': None, 'passing': None, 'standardDowns': None, 'passingDowns': None, 'havoc': {'total': None, 'frontSeven': None, 'db': None}}",{'rating': 0.1}
2025,92,Northern Illinois,-118.74422443025993,-11.0,"{'ranking': 133, 'rating': 16.3, 'success': None, 'explosiveness': None, 'rushing': None, 'passing': None, 'standardDowns': None, 'passingDowns': None, 'runRate': None, 'pace': None}","{'ranking': 61, 'rating': 27.3, 'success': None, 'explosiveness': None, 'rushing': None, 'passing': None, 'standardDowns': None, 'passingDowns': None, 'havoc': {'total': None, 'frontSeven': None, 'db': None}}",{'rating': -0.2}
2025,93,Sam Houston,-119.85734922502938,-11.1,"{'ranking': 118, 'rating': 19.7, 'success': None, 'explosiveness': None, 'rushing': None, 'passing': None, 'standardDowns': None, 'passingDowns': None, 'runRate': None, 'pace': None}","{'ranking': 90, 'rating': 30.8, 'success': None, 'explosiveness': None, 'rushing': None, 'passing': None, 'standardDowns': None, 'passingDowns': None, 'havoc': {'total': None, 'frontSeven': None, 'db': None}}",{'rating': -0.2}
2025,94,Hawai'i,-124.30984840410726,-11.5,"{'ranking': 120, 'rating': 19.1, 'success': None, 'explosiveness': None, 'rushing': None, 'passing': None, 'standardDowns': None, 'passingDowns': None, 'runRate': None, 'pace': None}","{'ranking': 87, 'rating': 30.6, 'success': None, 'explosiveness': None, 'rushing': None, 'passing': None, 'standardDowns': None, 'passingDowns': None, 'havoc': {'total': None, 'frontSeven': None, 'db': None}}",{'rating': -0.2}
2025,95,Louisiana Tech,-128.7623475831851,-11.9,"{'ranking': 126, 'rating': 17.8, 'success': None, 'explosiveness': None, 'rushing': None, 'passing': None, 'standardDowns': None, 'passingDowns': None, 'runRate': None, 'pace': None}","{'ranking': 80, 'rating': 29.7, 'success': None, 'explosiveness': None, 'rushing': None, 'passing': None, 'standardDowns': None, 'passingDowns': None, 'havoc': {'total': None, 'frontSeven': None, 'db': None}}",{'rating': -0.1}
2025,96,Delaware,-141.00672032564918,-13.0,"{'ranking': 113, 'rating': 20.4, 'success': None, 'explosiveness': None, 'rushing': None, 'passing': None, 'standardDowns': None, 'passingDowns': None, 'runRate': None, 'pace': None}","{'ranking': 105, 'rating': 33.5, 'success': None, 'explosiveness': None, 'rushing': None, 'passing': None, 'standardDowns': None, 'passingDowns': None, 'havoc': {'total': None, 'frontSeven': None, 'db': None}}",{'rating': -0.2}
2025,97,Bowling Green,-148.7985938890354,-13.7,"{'ranking': 98, 'rating': 23, 'success': None, 'explosiveness': None, 'rushing': None, 'passing': None, 'standardDowns': None, 'passingDowns': None, 'runRate': None, 'pace': None}","{'ranking': 121, 'rating': 36.7, 'success': None, 'explosiveness': None, 'rushing': None, 'passing': None, 'standardDowns': None, 'passingDowns': None, 'havoc': {'total': None, 'frontSeven': None, 'db': None}}",{'rating': 0}
2025,98,UAB,-149.91171868380488,-13.8,"{'ranking': 84, 'rating': 25.1, 'success': None, 'explosiveness': None, 'rushing': None, 'passing': None, 'standardDowns': None, 'passingDowns': None, 'runRate': None, 'pace': None}","{'ranking': 130, 'rating': 38.9, 'success': None, 'explosiveness': None, 'rushing': None, 'passing': None, 'standardDowns': None, 'passingDowns': None, 'havoc': {'total': None, 'frontSeven': None, 'db': None}}",{'rating': 0.1}
2025,99,Eastern Michigan,-154.3642178628827,-14.2,"{'ranking': 116, 'rating': 20, 'success': None, 'explosiveness': None, 'rushing': None, 'passing': None, 'standardDowns': None, 'passingDowns': None, 'runRate': None, 'pace': None}","{'ranking': 111, 'rating': 34.2, 'success': None, 'explosiveness': None, 'rushing': None, 'passing': None, 'standardDowns': None, 'passingDowns': None, 'havoc': {'total': None, 'frontSeven': None, 'db': None}}",{'rating': 0.1}
2025,100,Georgia State,-155.47734265765217,-14.3,"{'ranking': 91, 'rating': 24.3, 'success': None, 'explosiveness': None, 'rushing': None, 'passing': None, 'standardDowns': None, 'passingDowns': None, 'runRate': None, 'pace': None}","{'ranking': 129, 'rating': 38.6, 'success': None, 'explosiveness': None, 'rushing': None, 'passing': None, 'standardDowns': None, 'passingDowns': None, 'havoc': {'total': None, 'frontSeven': None, 'db': None}}",{'rating': -0.2}
2025,101,Florida Atlantic,-156.59046745242162,-14.4,"{'ranking': 109, 'rating': 21, 'success': None, 'explosiveness': None, 'rushing': None, 'passing': None, 'standardDowns': None, 'passingDowns': None, 'runRate': None, 'pace': None}","{'ranking': 114, 'rating': 35.4, 'success': None, 'explosiveness': None, 'rushing': None, 'passing': None, 'standardDowns': None, 'passingDowns': None, 'havoc': {'total': None, 'frontSeven': None, 'db': None}}",{'rating': -0.2}
2025,102,UL Monroe,-158.81671704196054,-14.6,"{'ranking': 126, 'rating': 17.8, 'success': None, 'explosiveness': None, 'rushing': None, 'passing': None, 'standardDowns': None, 'passingDowns': None, 'runRate': None, 'pace': None}","{'ranking': 99, 'rating': 32.4, 'success': None, 'explosiveness': None, 'rushing': None, 'passing': None, 'standardDowns': None, 'passingDowns': None, 'havoc': {'total': None, 'frontSeven': None, 'db': None}}",{'rating': -0.1}
2025,103,Utah State,-161.0429666314995,-14.8,"{'ranking': 88, 'rating': 24.5, 'success': None, 'explosiveness': None, 'rushing': None, 'passing': None, 'standardDowns': None, 'passingDowns': None, 'runRate': None, 'pace': None}","{'ranking': 132, 'rating': 39.4, 'success': None, 'explosiveness': None, 'rushing': None, 'passing': None, 'standardDowns': None, 'passingDowns': None, 'havoc': {'total': None, 'frontSeven': None, 'db': None}}",{'rating': 0}
2025,103,Western Michigan,-161.0429666314995,-14.8,"{'ranking': 112, 'rating': 20.7, 'success': None, 'explosiveness': None, 'rushing': None, 'passing': None, 'standardDowns': None, 'passingDowns': None, 'runRate': None, 'pace': None}","{'ranking': 116, 'rating': 35.5, 'success': None, 'explosiveness': None, 'rushing': None, 'passing': None, 'standardDowns': None, 'passingDowns': None, 'havoc': {'total': None, 'frontSeven': None, 'db': None}}",{'rating': 0.1}
2025,103,Central Michigan,-161.0429666314995,-14.8,"{'ranking': 126, 'rating': 17.8, 'success': None, 'explosiveness': None, 'rushing': None, 'passing': None, 'standardDowns': None, 'passingDowns': None, 'runRate': None, 'pace': None}","{'ranking': 102, 'rating': 32.5, 'success': None, 'explosiveness': None, 'rushing': None, 'passing': None, 'standardDowns': None, 'passingDowns': None, 'havoc': {'total': None, 'frontSeven': None, 'db': None}}",{'rating': 0.1}
2025,104,Tulsa,-169.94796498965513,-15.6,"{'ranking': 103, 'rating': 22.3, 'success': None, 'explosiveness': None, 'rushing': None, 'passing': None, 'standardDowns': None, 'passingDowns': None, 'runRate': None, 'pace': None}","{'ranking': 124, 'rating': 37.8, 'success': None, 'explosiveness': None, 'rushing': None, 'passing': None, 'standardDowns': None, 'passingDowns': None, 'havoc': {'total': None, 'frontSeven': None, 'db': None}}",{'rating': -0.2}
2025,105,Rice,-172.1742145791941,-15.8,"{'ranking': 132, 'rating': 16.7, 'success': None, 'explosiveness': None, 'rushing': None, 'passing': None, 'standardDowns': None, 'passingDowns': None, 'runRate': None, 'pace': None}","{'ranking': 99, 'rating': 32.4, 'success': None, 'explosiveness': None, 'rushing': None, 'passing': None, 'standardDowns': None, 'passingDowns': None, 'havoc': {'total': None, 'frontSeven': None, 'db': None}}",{'rating': -0.2}
2025,106,New Mexico State,-174.40046416873304,-16.0,"{'ranking': 106, 'rating': 21.8, 'success': None, 'explosiveness': None, 'rushing': None, 'passing': None, 'standardDowns': None, 'passingDowns': None, 'runRate': None, 'pace': None}","{'ranking': 124, 'rating': 37.8, 'success': None, 'explosiveness': None, 'rushing': None, 'passing': None, 'standardDowns': None, 'passingDowns': None, 'havoc': {'total': None, 'frontSeven': None, 'db': None}}",{'rating': 0.2}
2025,107,UTEP,-175.5135889635025,-16.1,"{'ranking': 122, 'rating': 19, 'success': None, 'explosiveness': None, 'rushing': None, 'passing': None, 'standardDowns': None, 'passingDowns': None, 'runRate': None, 'pace': None}","{'ranking': 113, 'rating': 35.1, 'success': None, 'explosiveness': None, 'rushing': None, 'passing': None, 'standardDowns': None, 'passingDowns': None, 'havoc': {'total': None, 'frontSeven': None, 'db': None}}",{'rating': -0.2}
2025,108,Nevada,-177.73983855304144,-16.3,"{'ranking': 114, 'rating': 20.3, 'success': None, 'explosiveness': None, 'rushing': None, 'passing': None, 'standardDowns': None, 'passingDowns': None, 'runRate': None, 'pace': None}","{'ranking': 119, 'rating': 36.6, 'success': None, 'explosiveness': None, 'rushing': None, 'passing': None, 'standardDowns': None, 'passingDowns': None, 'havoc': {'total': None, 'frontSeven': None, 'db': None}}",{'rating': -0.2}
2025,109,Temple,-178.85296334781088,-16.4,"{'ranking': 110, 'rating': 20.8, 'success': None, 'explosiveness': None, 'rushing': None, 'passing': None, 'standardDowns': None, 'passingDowns': None, 'runRate': None, 'pace': None}","{'ranking': 123, 'rating': 37.2, 'success': None, 'explosiveness': None, 'rushing': None, 'passing': None, 'standardDowns': None, 'passingDowns': None, 'havoc': {'total': None, 'frontSeven': None, 'db': None}}",{'rating': 0.1}
2025,109,Middle Tennessee,-178.85296334781088,-16.4,"{'ranking': 130, 'rating': 17.5, 'success': None, 'explosiveness': None, 'rushing': None, 'passing': None, 'standardDowns': None, 'passingDowns': None, 'runRate': None, 'pace': None}","{'ranking': 107, 'rating': 33.9, 'success': None, 'explosiveness': None, 'rushing': None, 'passing': None, 'standardDowns': None, 'passingDowns': None, 'havoc': {'total': None, 'frontSeven': None, 'db': None}}",{'rating': -0.1}
2025,110,Missouri State,-192.21046088504443,-17.6,"{'ranking': 75, 'rating': 26.3, 'success': None, 'explosiveness': None, 'rushing': None, 'passing': None, 'standardDowns': None, 'passingDowns': None, 'runRate': None, 'pace': None}","{'ranking': 136, 'rating': 43.8, 'success': None, 'explosiveness': None, 'rushing': None, 'passing': None, 'standardDowns': None, 'passingDowns': None, 'havoc': {'total': None, 'frontSeven': None, 'db': None}}",{'rating': -0.2}
2025,111,Southern Miss,-193.32358567981387,-17.7,"{'ranking': 114, 'rating': 20.3, 'success': None, 'explosiveness': None, 'rushing': None, 'passing': None, 'standardDowns': None, 'passingDowns': None, 'runRate': None, 'pace': None}","{'ranking': 126, 'rating': 38.1, 'success': None, 'explosiveness': None, 'rushing': None, 'passing': None, 'standardDowns': None, 'passingDowns': None, 'havoc': {'total': None, 'frontSeven': None, 'db': None}}",{'rating': -0.1}
2025,112,Florida International,-196.66296006412225,-18.0,"{'ranking': 124, 'rating': 18, 'success': None, 'explosiveness': None, 'rushing': None, 'passing': None, 'standardDowns': None, 'passingDowns': None, 'runRate': None, 'pace': None}","{'ranking': 118, 'rating': 36, 'success': None, 'explosiveness': None, 'rushing': None, 'passing': None, 'standardDowns': None, 'passingDowns': None, 'havoc': {'total': None, 'frontSeven': None, 'db': None}}",{'rating': -0.1}
2025,113,New Mexico,-201.1154592432001,-18.4,"{'ranking': 97, 'rating': 23.6, 'success': None, 'explosiveness': None, 'rushing': None, 'passing': None, 'standardDowns': None, 'passingDowns': None, 'runRate': None, 'pace': None}","{'ranking': 134, 'rating': 42.1, 'success': None, 'explosiveness': None, 'rushing': None, 'passing': None, 'standardDowns': None, 'passingDowns': None, 'havoc': {'total': None, 'frontSeven': None, 'db': None}}",{'rating': -0.2}
2025,114,Kennesaw State,-206.6810832170474,-18.9,"{'ranking': 136, 'rating': 12.3, 'success': None, 'explosiveness': None, 'rushing': None, 'passing': None, 'standardDowns': None, 'passingDowns': None, 'runRate': None, 'pace': None}","{'ranking': 93, 'rating': 31.1, 'success': None, 'explosiveness': None, 'rushing': None, 'passing': None, 'standardDowns': None, 'passingDowns': None, 'havoc': {'total': None, 'frontSeven': None, 'db': None}}",{'rating': 0}
2025,115,Akron,-211.1335823961253,-19.3,"{'ranking': 131, 'rating': 17.3, 'success': None, 'explosiveness': None, 'rushing': None, 'passing': None, 'standardDowns': None, 'passingDowns': None, 'runRate': None, 'pace': None}","{'ranking': 119, 'rating': 36.6, 'success': None, 'explosiveness': None, 'rushing': None, 'passing': None, 'standardDowns': None, 'passingDowns': None, 'havoc': {'total': None, 'frontSeven': None, 'db': None}}",{'rating': 0.1}
2025,116,Charlotte,-212.2467071908947,-19.4,"{'ranking': 120, 'rating': 19.1, 'success': None, 'explosiveness': None, 'rushing': None, 'passing': None, 'standardDowns': None, 'passingDowns': None, 'runRate': None, 'pace': None}","{'ranking': 128, 'rating': 38.5, 'success': None, 'explosiveness': None, 'rushing': None, 'passing': None, 'standardDowns': None, 'passingDowns': None, 'havoc': {'total': None, 'frontSeven': None, 'db': None}}",{'rating': 0.1}
2025,117,Ball State,-232.28295349674502,-21.2,"{'ranking': 123, 'rating': 18.1, 'success': None, 'explosiveness': None, 'rushing': None, 'passing': None, 'standardDowns': None, 'passingDowns': None, 'runRate': None, 'pace': None}","{'ranking': 131, 'rating': 39.3, 'success': None, 'explosiveness': None, 'rushing': None, 'passing': None, 'standardDowns': None, 'passingDowns': None, 'havoc': {'total': None, 'frontSeven': None, 'db': None}}",{'rating': 0}
2025,118,Massachusetts,-262.3373229555205,-23.9,"{'ranking': 119, 'rating': 19.3, 'success': None, 'explosiveness': None, 'rushing': None, 'passing': None, 'standardDowns': None, 'passingDowns': None, 'runRate': None, 'pace': None}","{'ranking': 135, 'rating': 43.2, 'success': None, 'explosiveness': None, 'rushing': None, 'passing': None, 'standardDowns': None, 'passingDowns': None, 'havoc': {'total': None, 'frontSeven': None, 'db': None}}",{'rating': -0.2}
2025,119,Kent State,-273.4685709032151,-24.9,"{'ranking': 134, 'rating': 15.6, 'success': None, 'explosiveness': None, 'rushing': None, 'passing': None, 'standardDowns': None, 'passingDowns': None, 'runRate': None, 'pace': None}","{'ranking': 133, 'rating': 40.6, 'success': None, 'explosiveness': None, 'rushing': None, 'passing': None, 'standardDowns': None, 'passingDowns': None, 'havoc': {'total': None, 'frontSeven': None, 'db': None}}",{'rating': -0.2}
